{"val/bbox_mAP_m":0,"_step":1409,"val/bbox_mAP_75":0,"momentum":0.9,"train/loss_bbox":1.13101686835289,"val/bbox_mAP_50":0.001,"_wandb":{"runtime":205},"_runtime":205.578218167,"train/loss":1.4626117110252381,"val/bbox_mAP_s":0,"learning_rate":0.009829799502313896,"val/bbox_mAP_l":0,"train/loss_cls":0.3315948247909546,"train/grad_norm":2.4350966572761537,"_timestamp":1.7291769975146046e+09,"val/bbox_mAP":0}