{"val/bbox_mAP_s":0,"train/loss_bbox":1.5947920739650727,"val/bbox_mAP_l":0,"_wandb":{"runtime":261},"_timestamp":1.729155621820344e+09,"val/bbox_mAP":0,"learning_rate":0.009829799502313896,"val/bbox_mAP_50":0,"train/loss_cls":0.32082538843154906,"val/bbox_mAP_m":0,"train/loss":1.915617461204529,"_runtime":259.033463943,"train/grad_norm":2.578983783721924,"val/bbox_mAP_75":0,"_step":1329,"momentum":0.9}