{"val/bbox_mAP_50":0,"_wandb":{"runtime":275},"train/loss_bbox":1.5240692853927613,"learning_rate":0.009829799502313896,"val/bbox_mAP":0,"train/grad_norm":2.1857877731323243,"_timestamp":1.729177454713335e+09,"momentum":0.9,"train/loss":1.8587231040000916,"_step":1949,"val/bbox_mAP_l":0,"_runtime":267.03732947,"val/bbox_mAP_s":0,"train/loss_cls":0.33465383052825926,"val/bbox_mAP_m":0,"val/bbox_mAP_75":0}