{"_timestamp":1.729146608596668e+09,"val/bbox_mAP_75":0,"val/bbox_mAP_s":0,"val/bbox_mAP_50":0,"_wandb":{"runtime":324},"_runtime":314.40852566,"train/loss_bbox":1.5771601366996766,"momentum":0.9,"val/bbox_mAP_l":0,"train/grad_norm":2.0816896390914916,"val/bbox_mAP_m":0,"learning_rate":0.009829799502313896,"_step":1929,"val/bbox_mAP":0,"train/loss_cls":0.31805099934339526,"train/loss":1.8952111411094665}