{"momentum":0.9,"train/loss_cls":0.34183586299419405,"learning_rate":0.01,"train/loss":1.8743772029876709,"val/bbox_mAP_m":0,"val/bbox_mAP_50":0.001,"_wandb":{"runtime":205},"_step":980,"val/bbox_mAP_l":0,"val/bbox_mAP_s":0,"val/bbox_mAP":0,"val/bbox_mAP_75":0,"train/loss_bbox":1.5325413459539414,"train/grad_norm":2.9444180727005005,"_timestamp":1.7291552895230048e+09,"_runtime":159.677455046}