{"learning_rate":0.009829799502313896,"val/bbox_mAP":0,"momentum":0.9,"val/bbox_mAP_50":0,"train/loss_bbox":1.5315597593784331,"train/grad_norm":2.6220820140838623,"_wandb":{"runtime":263},"train/loss":1.8685073065757751,"val/bbox_mAP_m":0,"val/bbox_mAP_s":0,"train/loss_cls":0.33694755762815476,"_step":1529,"val/bbox_mAP_75":0,"val/bbox_mAP_l":0,"_timestamp":1.7291460568497133e+09,"_runtime":263.867345834}