{"train/loss_bbox":1.4086429131031037,"_runtime":243.313918121,"val/bbox_mAP_75":0,"val/bbox_mAP_s":0,"train/grad_norm":2.4648816287517548,"val/bbox_mAP_50":0.002,"_timestamp":1.7291548490556073e+09,"train/loss":1.74888827085495,"learning_rate":0.009829799502313896,"momentum":0.9,"val/bbox_mAP_m":0,"_wandb":{"runtime":246},"_step":1329,"train/loss_cls":0.34024536073207856,"val/bbox_mAP_l":0,"val/bbox_mAP":0}