{"val/bbox_mAP_l":0,"train/loss_bbox":1.4827073037624359,"_runtime":263.421979204,"_step":1429,"val/bbox_mAP_s":0,"_timestamp":1.7291456894483736e+09,"_wandb":{"runtime":266},"val/bbox_mAP_50":0.001,"train/grad_norm":2.68900652885437,"val/bbox_mAP_m":0,"val/bbox_mAP":0,"learning_rate":0.009829799502313896,"train/loss_cls":0.33127352118492126,"val/bbox_mAP_75":0,"train/loss":1.8139808225631713,"momentum":0.9}