{"train/loss_cls":0.3454380774497986,"val/bbox_mAP_s":0,"momentum":0.9,"val/bbox_mAP_50":0.001,"train/loss_bbox":1.5270848894119262,"_wandb":{"runtime":201},"val/bbox_mAP":0,"val/bbox_mAP_l":0,"val/bbox_mAP_75":0,"learning_rate":0.01,"_timestamp":1.7291470907803013e+09,"val/bbox_mAP_m":0,"_runtime":156.571593341,"train/loss":1.8725229620933532,"train/grad_norm":3.005758979320526,"_step":980}