{"_timestamp":1.7291433694145575e+09,"_wandb":{"runtime":436},"learning_rate":0.009330796891903272,"momentum":0.9,"val/bbox_mAP_l":0,"val/bbox_mAP":0,"_step":2208,"val/bbox_mAP_m":0,"train/loss_cls":0.32388378500938414,"val/bbox_mAP_50":0.003,"train/grad_norm":2.0679317808151243,"train/loss_bbox":1.4604194068908691,"_runtime":436.265836646,"val/bbox_mAP_75":0,"val/bbox_mAP_s":0,"train/loss":1.7843031942844392}