{"train/loss_bbox":1.4963707518577576,"train/loss":1.8310451757907868,"_runtime":208.995487862,"val/bbox_mAP_m":0,"val/bbox_mAP":0,"learning_rate":0.009829799502313896,"train/loss_cls":0.33467442184686663,"_timestamp":1.7291626527285833e+09,"val/bbox_mAP_s":0,"_step":1029,"momentum":0.9,"val/bbox_mAP_l":0,"val/bbox_mAP_50":0,"val/bbox_mAP_75":0,"_wandb":{"runtime":210},"train/grad_norm":2.8669482183456423}