{"val/bbox_mAP_50":0,"val/bbox_mAP_l":0,"_runtime":158.013660664,"train/loss_cls":0.32689853847026823,"learning_rate":0.01,"train/grad_norm":2.661483495235443,"_wandb":{"runtime":158},"train/loss":1.9181239700317383,"val/bbox_mAP_s":0,"_timestamp":1.729082871578137e+09,"momentum":0.9,"val/bbox_mAP_m":0,"val/bbox_mAP_75":0,"_step":980,"val/bbox_mAP":0,"train/loss_bbox":1.5912254232168197}