{"_timestamp":1.7291445640130134e+09,"_step":980,"val/bbox_mAP_l":0,"val/bbox_mAP_75":0,"val/bbox_mAP":0,"train/loss_bbox":1.6875308227539063,"_wandb":{"runtime":205},"train/loss":2.0556812512874605,"val/bbox_mAP_50":0,"_runtime":160.569249675,"train/grad_norm":3.0922048902511596,"learning_rate":0.01,"train/loss_cls":0.36815042555332184,"momentum":0.9,"val/bbox_mAP_m":0,"val/bbox_mAP_s":0}