{"val/bbox_mAP_s":0,"_step":2938,"momentum":0.9,"train/grad_norm":2.09259855389595,"train/loss_cls":0.3247411423921585,"val/bbox_mAP":0,"train/loss":1.7402016234397888,"val/bbox_mAP_m":0,"_timestamp":1.7291481087496152e+09,"val/bbox_mAP_50":0.001,"_wandb":{"runtime":602},"_runtime":554.754984222,"val/bbox_mAP_75":0,"val/bbox_mAP_l":0,"learning_rate":0.009330796891903272,"train/loss_bbox":1.4154604911804198}