{"_timestamp":1.7293542081577826e+09,"time":0.6993619108200073,"_runtime":184.591186956,"_wandb":{"runtime":211},"iter":250,"loss":1.7742918229103088,"loss_bbox":0.6430651950836181,"loss_cls":1.131226623058319,"grad_norm":0.43686486661434176,"memory":10688,"_step":4,"lr":0.009989979959919832,"data_time":0.008054308891296387,"epoch":1}