{"coco/bbox_mAP_75":0.191,"_runtime":15371.950039004,"coco/bbox_mAP":0.185,"coco/bbox_mAP_m":0.038,"coco/Paper pack_precision":0.179,"_timestamp":1.7293698080807416e+09,"coco/bbox_mAP_l":0.225,"iter":19551,"coco/bbox_mAP_s":0.014,"memory":10731,"grad_norm":1.6912199544906616,"coco/Glass_precision":0.226,"loss_bbox":0.17634981580078601,"data_time":0.008167671375587339,"_step":399,"time":0.28867995738983154,"epoch":20,"coco/Plastic bag_precision":0.458,"coco/bbox_mAP_50":0.29,"coco/Metal_precision":0.139,"loss_cls":0.2027462749183178,"loss":0.3790960919857025,"coco/Battery_precision":0.053,"coco/Paper_precision":0.224,"coco/Styrofoam_precision":0.162,"coco/Clothing_precision":0.073,"coco/Plastic_precision":0.183,"_wandb":{"runtime":15371},"lr":0.00019999999999999955,"coco/General trash_precision":0.155}