{"val/bbox_mAP":0,"val/bbox_mAP_75":0,"_runtime":158.214345919,"val/bbox_mAP_50":0.001,"val/bbox_mAP_l":0,"train/loss_cls":0.33905965358018875,"val/bbox_mAP_s":0,"train/grad_norm":2.7755183577537537,"val/bbox_mAP_m":0,"learning_rate":0.01,"train/loss_bbox":1.5381470835208892,"_timestamp":1.7291451869917367e+09,"_wandb":{"runtime":203},"_step":980,"momentum":0.9,"train/loss":1.8772067379951478}