{"val/bbox_mAP_50":0.001,"_timestamp":1.729162408959648e+09,"momentum":0.9,"val/bbox_mAP_l":0,"val/bbox_mAP":0,"train/loss_bbox":1.7389964485168456,"learning_rate":0.009829799502313896,"val/bbox_mAP_s":0,"val/bbox_mAP_75":0,"val/bbox_mAP_m":0,"train/loss":2.054064197540283,"_wandb":{"runtime":298},"train/grad_norm":2.460433237552643,"train/loss_cls":0.3150677543878555,"_runtime":294.550543629,"_step":1829}