{"val/bbox_mAP_m":0,"val/bbox_mAP_75":0,"_step":980,"train/grad_norm":2.504114639759064,"val/bbox_mAP_s":0,"_wandb":{"runtime":202},"val/bbox_mAP_l":0,"_timestamp":1.7291474125247526e+09,"train/loss":1.7777216291427613,"val/bbox_mAP":0,"train/loss_cls":0.34404722034931184,"momentum":0.9,"val/bbox_mAP_50":0.001,"train/loss_bbox":1.4336744046211243,"learning_rate":0.01,"_runtime":157.471107556}