{"_timestamp":1.7290803905574343e+09,"_wandb":{"runtime":157},"val/bbox_mAP":0,"val/bbox_mAP_l":0,"_runtime":157.545773819,"train/loss_bbox":1.549053542613983,"momentum":0.9,"val/bbox_mAP_s":0,"_step":980,"val/bbox_mAP_m":0,"train/grad_norm":2.846300492286682,"train/loss":1.8956910026073457,"val/bbox_mAP_50":0.001,"train/loss_cls":0.34663746058940886,"learning_rate":0.01,"val/bbox_mAP_75":0}