{"train/grad_norm":2.6221995830535887,"val/bbox_mAP_m":0,"val/bbox_mAP_75":0,"_timestamp":1.7291612332933607e+09,"val/bbox_mAP_l":0,"val/bbox_mAP_s":0,"train/loss_cls":0.33161376535892484,"_wandb":{"runtime":213},"train/loss":1.8001555156707765,"learning_rate":0.009829799502313896,"_step":1029,"val/bbox_mAP":0,"val/bbox_mAP_50":0,"momentum":0.9,"train/loss_bbox":1.468541740179062,"_runtime":210.649331774}