{"_step":1879,"train/loss":1.9342666316032409,"val/bbox_mAP_l":0,"_runtime":303.918082955,"val/bbox_mAP_s":0,"train/grad_norm":2.3787598752975465,"learning_rate":0.009829799502313896,"momentum":0.9,"val/bbox_mAP":0,"val/bbox_mAP_50":0.001,"train/loss_bbox":1.6203183615207672,"_wandb":{"runtime":304},"val/bbox_mAP_75":0,"train/loss_cls":0.31394826620817184,"_timestamp":1.7291544632852118e+09,"val/bbox_mAP_m":0}