{"val/bbox_mAP_s":0,"learning_rate":0.009829799502313896,"val/bbox_mAP":0,"_timestamp":1.7291632673633697e+09,"train/grad_norm":2.4696413588523867,"val/bbox_mAP_50":0.001,"train/loss_bbox":1.437628755569458,"val/bbox_mAP_75":0,"val/bbox_mAP_l":0,"momentum":0.9,"train/loss_cls":0.32957521110773086,"train/loss":1.767203961610794,"val/bbox_mAP_m":0,"_runtime":265.049723511,"_step":1529,"_wandb":{"runtime":266}}