{"train/loss_cls":0.34804256349802015,"train/loss_bbox":1.5723674499988556,"_runtime":222.712251746,"val/bbox_mAP":0,"learning_rate":0.009829799502313896,"_timestamp":1.7291495251160839e+09,"val/bbox_mAP_l":0,"val/bbox_mAP_75":0,"_wandb":{"runtime":225},"_step":1079,"val/bbox_mAP_50":0,"momentum":0.9,"train/loss":1.920410008430481,"val/bbox_mAP_s":0,"train/grad_norm":2.859134793281555,"val/bbox_mAP_m":0}