{"momentum":0.9,"train/loss":3.643504500389099,"_wandb":{"runtime":21},"_runtime":20.2459479,"_timestamp":1.729148687159583e+09,"train/grad_norm":29.7798921585083,"learning_rate":0.0029870200000000004,"_step":150,"train/loss_cls":1.1204618501663208,"train/loss_bbox":2.523042643070221}