{"train/loss":1.860063486099243,"train/loss_cls":0.3124824905395508,"_step":1679,"val/bbox_mAP_75":0,"momentum":0.9,"val/bbox_mAP_m":0,"val/bbox_mAP_50":0.001,"_runtime":285.198667322,"_timestamp":1.72915082125223e+09,"train/grad_norm":2.0610806620121003,"val/bbox_mAP_s":0,"val/bbox_mAP_l":0,"train/loss_bbox":1.5475809967517853,"_wandb":{"runtime":288},"learning_rate":0.009829799502313896,"val/bbox_mAP":0}