{"mode": "train", "epoch": 1, "iter": 50, "lr": 0.00198, "memory": 1084, "data_time": 0.04762, "loss_rpn_cls": 0.47872, "loss_rpn_bbox": 0.05244, "loss_cls": 0.66551, "acc": 88.37793, "loss_bbox": 0.1803, "loss": 1.37696, "grad_norm": 8.00421, "time": 0.31362}
{"mode": "train", "epoch": 1, "iter": 100, "lr": 0.00398, "memory": 1084, "data_time": 0.00439, "loss_rpn_cls": 0.18166, "loss_rpn_bbox": 0.04353, "loss_cls": 0.36486, "acc": 93.21094, "loss_bbox": 0.25401, "loss": 0.84407, "grad_norm": 3.2199, "time": 0.2218}
{"mode": "train", "epoch": 1, "iter": 150, "lr": 0.00597, "memory": 1084, "data_time": 0.00468, "loss_rpn_cls": 0.15334, "loss_rpn_bbox": 0.04253, "loss_cls": 0.34636, "acc": 93.53027, "loss_bbox": 0.24467, "loss": 0.7869, "grad_norm": 2.50767, "time": 0.21854}
{"mode": "train", "epoch": 1, "iter": 200, "lr": 0.00797, "memory": 1084, "data_time": 0.00449, "loss_rpn_cls": 0.15631, "loss_rpn_bbox": 0.04505, "loss_cls": 0.36991, "acc": 92.45117, "loss_bbox": 0.28842, "loss": 0.85968, "grad_norm": 2.63929, "time": 0.21486}
{"mode": "train", "epoch": 1, "iter": 250, "lr": 0.00997, "memory": 1084, "data_time": 0.00465, "loss_rpn_cls": 0.11618, "loss_rpn_bbox": 0.03491, "loss_cls": 0.29815, "acc": 93.72461, "loss_bbox": 0.23752, "loss": 0.68677, "grad_norm": 2.26935, "time": 0.21709}
{"mode": "train", "epoch": 1, "iter": 300, "lr": 0.01197, "memory": 1094, "data_time": 0.00467, "loss_rpn_cls": 0.12213, "loss_rpn_bbox": 0.0408, "loss_cls": 0.3321, "acc": 92.74121, "loss_bbox": 0.27184, "loss": 0.76687, "grad_norm": 2.24329, "time": 0.21952}
{"mode": "train", "epoch": 1, "iter": 350, "lr": 0.01397, "memory": 1094, "data_time": 0.00456, "loss_rpn_cls": 0.13697, "loss_rpn_bbox": 0.04461, "loss_cls": 0.36285, "acc": 92.18555, "loss_bbox": 0.28002, "loss": 0.82446, "grad_norm": 2.60525, "time": 0.21438}
{"mode": "train", "epoch": 1, "iter": 400, "lr": 0.01596, "memory": 1097, "data_time": 0.00476, "loss_rpn_cls": 0.14459, "loss_rpn_bbox": 0.0462, "loss_cls": 0.37131, "acc": 91.64746, "loss_bbox": 0.29199, "loss": 0.85409, "grad_norm": 3.04474, "time": 0.21674}
{"mode": "train", "epoch": 1, "iter": 450, "lr": 0.01796, "memory": 1097, "data_time": 0.00484, "loss_rpn_cls": 0.13681, "loss_rpn_bbox": 0.04582, "loss_cls": 0.34257, "acc": 92.41602, "loss_bbox": 0.24579, "loss": 0.77099, "grad_norm": 2.38223, "time": 0.22615}
{"mode": "train", "epoch": 1, "iter": 500, "lr": 0.01996, "memory": 1097, "data_time": 0.00469, "loss_rpn_cls": 0.12168, "loss_rpn_bbox": 0.04337, "loss_cls": 0.40093, "acc": 91.27734, "loss_bbox": 0.28373, "loss": 0.84972, "grad_norm": 2.44538, "time": 0.21506}
{"mode": "train", "epoch": 1, "iter": 550, "lr": 0.02, "memory": 1097, "data_time": 0.0047, "loss_rpn_cls": 0.11756, "loss_rpn_bbox": 0.03982, "loss_cls": 0.34636, "acc": 92.5332, "loss_bbox": 0.24225, "loss": 0.74599, "grad_norm": 2.01253, "time": 0.21648}
{"mode": "train", "epoch": 1, "iter": 600, "lr": 0.02, "memory": 1097, "data_time": 0.00475, "loss_rpn_cls": 0.11316, "loss_rpn_bbox": 0.04294, "loss_cls": 0.33673, "acc": 92.3877, "loss_bbox": 0.2373, "loss": 0.73014, "grad_norm": 2.12356, "time": 0.21914}
{"mode": "train", "epoch": 1, "iter": 650, "lr": 0.02, "memory": 1097, "data_time": 0.00527, "loss_rpn_cls": 0.13391, "loss_rpn_bbox": 0.04294, "loss_cls": 0.3256, "acc": 92.93945, "loss_bbox": 0.22886, "loss": 0.7313, "grad_norm": 2.04233, "time": 0.22856}
{"mode": "train", "epoch": 1, "iter": 700, "lr": 0.02, "memory": 1097, "data_time": 0.00465, "loss_rpn_cls": 0.1158, "loss_rpn_bbox": 0.04303, "loss_cls": 0.36116, "acc": 91.59277, "loss_bbox": 0.27425, "loss": 0.79424, "grad_norm": 1.90456, "time": 0.22744}
{"mode": "train", "epoch": 1, "iter": 750, "lr": 0.02, "memory": 1097, "data_time": 0.00467, "loss_rpn_cls": 0.10153, "loss_rpn_bbox": 0.04397, "loss_cls": 0.34889, "acc": 91.34082, "loss_bbox": 0.26118, "loss": 0.75557, "grad_norm": 1.91223, "time": 0.23069}
{"mode": "train", "epoch": 1, "iter": 800, "lr": 0.02, "memory": 1097, "data_time": 0.00452, "loss_rpn_cls": 0.09171, "loss_rpn_bbox": 0.03931, "loss_cls": 0.31901, "acc": 92.0127, "loss_bbox": 0.2503, "loss": 0.70032, "grad_norm": 1.80189, "time": 0.21706}
{"mode": "train", "epoch": 1, "iter": 850, "lr": 0.02, "memory": 1097, "data_time": 0.0046, "loss_rpn_cls": 0.1019, "loss_rpn_bbox": 0.03553, "loss_cls": 0.34171, "acc": 91.73047, "loss_bbox": 0.24587, "loss": 0.72501, "grad_norm": 1.96087, "time": 0.22172}
{"mode": "train", "epoch": 1, "iter": 900, "lr": 0.02, "memory": 1097, "data_time": 0.00519, "loss_rpn_cls": 0.1186, "loss_rpn_bbox": 0.04463, "loss_cls": 0.33477, "acc": 91.62988, "loss_bbox": 0.25304, "loss": 0.75104, "grad_norm": 2.06872, "time": 0.22036}
{"mode": "train", "epoch": 1, "iter": 950, "lr": 0.02, "memory": 1097, "data_time": 0.00483, "loss_rpn_cls": 0.10795, "loss_rpn_bbox": 0.04104, "loss_cls": 0.32819, "acc": 91.92383, "loss_bbox": 0.24724, "loss": 0.72442, "grad_norm": 1.73109, "time": 0.21588}
{"mode": "val", "epoch": 1, "iter": 969, "lr": 0.02, "bbox_mAP": 0.049, "bbox_mAP_50": 0.097, "bbox_mAP_75": 0.046, "bbox_mAP_s": 0.0, "bbox_mAP_m": 0.004, "bbox_mAP_l": 0.062, "bbox_mAP_copypaste": "0.049 0.097 0.046 0.000 0.004 0.062"}
{"mode": "train", "epoch": 2, "iter": 50, "lr": 0.02, "memory": 1097, "data_time": 0.04791, "loss_rpn_cls": 0.0808, "loss_rpn_bbox": 0.02922, "loss_cls": 0.29416, "acc": 92.72852, "loss_bbox": 0.21293, "loss": 0.61711, "grad_norm": 1.74106, "time": 0.25906}
{"mode": "train", "epoch": 2, "iter": 100, "lr": 0.02, "memory": 1097, "data_time": 0.00482, "loss_rpn_cls": 0.0841, "loss_rpn_bbox": 0.03595, "loss_cls": 0.31238, "acc": 92.21094, "loss_bbox": 0.23367, "loss": 0.66609, "grad_norm": 1.70791, "time": 0.23013}
{"mode": "train", "epoch": 2, "iter": 150, "lr": 0.02, "memory": 1097, "data_time": 0.00507, "loss_rpn_cls": 0.09396, "loss_rpn_bbox": 0.03536, "loss_cls": 0.31447, "acc": 91.96094, "loss_bbox": 0.23734, "loss": 0.68113, "grad_norm": 1.92209, "time": 0.21646}
{"mode": "train", "epoch": 2, "iter": 200, "lr": 0.02, "memory": 1097, "data_time": 0.00452, "loss_rpn_cls": 0.09435, "loss_rpn_bbox": 0.04038, "loss_cls": 0.31311, "acc": 91.85938, "loss_bbox": 0.23573, "loss": 0.68357, "grad_norm": 1.69029, "time": 0.18056}
{"mode": "train", "epoch": 2, "iter": 250, "lr": 0.02, "memory": 1097, "data_time": 0.00456, "loss_rpn_cls": 0.09117, "loss_rpn_bbox": 0.03755, "loss_cls": 0.33983, "acc": 91.125, "loss_bbox": 0.26243, "loss": 0.73098, "grad_norm": 1.70412, "time": 0.1517}
{"mode": "train", "epoch": 2, "iter": 300, "lr": 0.02, "memory": 1097, "data_time": 0.00496, "loss_rpn_cls": 0.09329, "loss_rpn_bbox": 0.04027, "loss_cls": 0.35318, "acc": 90.95996, "loss_bbox": 0.25864, "loss": 0.74539, "grad_norm": 1.90521, "time": 0.1695}
{"mode": "train", "epoch": 2, "iter": 350, "lr": 0.02, "memory": 1097, "data_time": 0.00461, "loss_rpn_cls": 0.10499, "loss_rpn_bbox": 0.04262, "loss_cls": 0.34661, "acc": 91.3125, "loss_bbox": 0.25168, "loss": 0.74591, "grad_norm": 1.85941, "time": 0.17245}
{"mode": "train", "epoch": 2, "iter": 400, "lr": 0.02, "memory": 1097, "data_time": 0.00446, "loss_rpn_cls": 0.08264, "loss_rpn_bbox": 0.03788, "loss_cls": 0.3289, "acc": 91.46777, "loss_bbox": 0.25268, "loss": 0.70211, "grad_norm": 1.74159, "time": 0.17491}
{"mode": "train", "epoch": 2, "iter": 450, "lr": 0.02, "memory": 1097, "data_time": 0.00446, "loss_rpn_cls": 0.0696, "loss_rpn_bbox": 0.02843, "loss_cls": 0.30137, "acc": 92.13965, "loss_bbox": 0.21681, "loss": 0.6162, "grad_norm": 1.62811, "time": 0.1728}
{"mode": "train", "epoch": 2, "iter": 500, "lr": 0.02, "memory": 1097, "data_time": 0.00455, "loss_rpn_cls": 0.08275, "loss_rpn_bbox": 0.03441, "loss_cls": 0.32105, "acc": 91.40527, "loss_bbox": 0.24304, "loss": 0.68125, "grad_norm": 1.79101, "time": 0.17603}
{"mode": "train", "epoch": 2, "iter": 550, "lr": 0.02, "memory": 1097, "data_time": 0.00442, "loss_rpn_cls": 0.09863, "loss_rpn_bbox": 0.03483, "loss_cls": 0.3238, "acc": 92.27832, "loss_bbox": 0.22031, "loss": 0.67757,