{"train/loss_cls":0.3221799099445343,"val/bbox_mAP_l":0,"val/bbox_mAP_75":0,"train/loss_bbox":1.3665529668331147,"learning_rate":0.009829799502313896,"_runtime":263.924825707,"momentum":0.9,"_step":1479,"train/grad_norm":2.5007003259658815,"val/bbox_mAP":0,"val/bbox_mAP_50":0,"val/bbox_mAP_s":0,"_wandb":{"runtime":264},"val/bbox_mAP_m":0,"train/loss":1.688732877969742,"_timestamp":1.7291499019643247e+09}