{"lr": 0.0019819639278557113, "data_time": 0.012279977798461914, "loss": 1.8035271286964416, "loss_cls": 1.1377515769004822, "loss_bbox": 0.6657755494117736, "time": 0.7390525770187378, "grad_norm": 0.28080187489589054, "epoch": 1, "iter": 50, "memory": 10705, "step": 50}
{"lr": 0.0039839679358717435, "data_time": 0.008291659355163574, "loss": 1.8153320455551147, "loss_cls": 1.138043167591095, "loss_bbox": 0.6772888660430908, "time": 0.6991177558898926, "grad_norm": 0.29417449474334717, "epoch": 1, "iter": 100, "memory": 10737, "step": 100}
{"lr": 0.005985971943887774, "data_time": 0.007920093536376953, "loss": 1.7837849950790405, "loss_cls": 1.136301715373993, "loss_bbox": 0.6474832832813263, "time": 0.6984992885589599, "grad_norm": 0.3225495146738516, "epoch": 1, "iter": 150, "memory": 10738, "step": 150}
{"lr": 0.007987975951903804, "data_time": 0.00784627914428711, "loss": 1.7851679015159607, "loss_cls": 1.1356050848960877, "loss_bbox": 0.6495628225803375, "time": 0.7006532287597657, "grad_norm": 0.3914783078432083, "epoch": 1, "iter": 200, "memory": 10729, "step": 200}
{"lr": 0.009989979959919832, "data_time": 0.008054308891296387, "loss": 1.7742918229103088, "loss_cls": 1.131226623058319, "loss_bbox": 0.6430651950836181, "time": 0.6993619108200073, "grad_norm": 0.43686486661434176, "epoch": 1, "iter": 250, "memory": 10688, "step": 250}
