{"train/grad_norm":2.7318161189556123,"val/bbox_mAP_s":0,"val/bbox_mAP":0,"val/bbox_mAP_m":0,"train/loss_bbox":1.6325283861160278,"momentum":0.9,"learning_rate":0.009829799502313896,"val/bbox_mAP_75":0,"_wandb":{"runtime":248},"val/bbox_mAP_50":0.002,"train/loss":1.9519210875034332,"_step":1379,"val/bbox_mAP_l":0,"_runtime":247.998959742,"train/loss_cls":0.3193926900625229,"_timestamp":1.7291437298732147e+09}