{"mode": "train", "epoch": 1, "iter": 50, "lr": 0.00198, "memory": 4432, "data_time": 0.05422, "loss_rpn_cls": 0.37731, "loss_rpn_bbox": 0.05218, "loss_cls": 0.97745, "acc": 87.3623, "loss_bbox": 0.10325, "loss": 1.5102, "grad_norm": 8.67919, "time": 0.39993}
{"mode": "train", "epoch": 1, "iter": 100, "lr": 0.00398, "memory": 4432, "data_time": 0.00815, "loss_rpn_cls": 0.12203, "loss_rpn_bbox": 0.04206, "loss_cls": 0.36247, "acc": 94.38086, "loss_bbox": 0.21414, "loss": 0.7407, "grad_norm": 2.84161, "time": 0.31593}
{"mode": "train", "epoch": 1, "iter": 150, "lr": 0.00597, "memory": 4432, "data_time": 0.00877, "loss_rpn_cls": 0.0996, "loss_rpn_bbox": 0.03743, "loss_cls": 0.3278, "acc": 94.00195, "loss_bbox": 0.22922, "loss": 0.69406, "grad_norm": 2.60898, "time": 0.31963}
{"mode": "train", "epoch": 1, "iter": 200, "lr": 0.00797, "memory": 4432, "data_time": 0.00903, "loss_rpn_cls": 0.11438, "loss_rpn_bbox": 0.05798, "loss_cls": 0.39425, "acc": 92.46875, "loss_bbox": 0.28709, "loss": 0.85371, "grad_norm": 3.27958, "time": 0.31338}
{"mode": "train", "epoch": 1, "iter": 250, "lr": 0.00997, "memory": 4432, "data_time": 0.00907, "loss_rpn_cls": 0.10524, "loss_rpn_bbox": 0.04988, "loss_cls": 0.33275, "acc": 93.66016, "loss_bbox": 0.24029, "loss": 0.72816, "grad_norm": 3.00126, "time": 0.31769}
{"mode": "train", "epoch": 1, "iter": 300, "lr": 0.01197, "memory": 4432, "data_time": 0.00904, "loss_rpn_cls": 0.12777, "loss_rpn_bbox": 0.05927, "loss_cls": 0.35746, "acc": 93.80957, "loss_bbox": 0.22891, "loss": 0.77341, "grad_norm": 3.37308, "time": 0.3208}
{"mode": "train", "epoch": 1, "iter": 350, "lr": 0.01397, "memory": 4432, "data_time": 0.00929, "loss_rpn_cls": 0.13159, "loss_rpn_bbox": 0.05625, "loss_cls": 0.39937, "acc": 92.41602, "loss_bbox": 0.28228, "loss": 0.86949, "grad_norm": 3.32591, "time": 0.3212}
{"mode": "train", "epoch": 1, "iter": 400, "lr": 0.01596, "memory": 4432, "data_time": 0.00887, "loss_rpn_cls": 0.11675, "loss_rpn_bbox": 0.05118, "loss_cls": 0.36411, "acc": 92.90332, "loss_bbox": 0.25702, "loss": 0.78906, "grad_norm": 2.26296, "time": 0.31642}
{"mode": "train", "epoch": 1, "iter": 450, "lr": 0.01796, "memory": 4432, "data_time": 0.00901, "loss_rpn_cls": 0.09283, "loss_rpn_bbox": 0.05208, "loss_cls": 0.35931, "acc": 92.2832, "loss_bbox": 0.26286, "loss": 0.76708, "grad_norm": 2.21146, "time": 0.31971}
{"mode": "train", "epoch": 1, "iter": 500, "lr": 0.01996, "memory": 4432, "data_time": 0.00903, "loss_rpn_cls": 0.08818, "loss_rpn_bbox": 0.04349, "loss_cls": 0.34098, "acc": 92.96387, "loss_bbox": 0.24382, "loss": 0.71647, "grad_norm": 2.13925, "time": 0.3188}
