{"val/bbox_mAP_l":0,"val/bbox_mAP_m":0,"train/loss_cls":0.3313795861601829,"train/loss_bbox":1.6667433738708497,"train/loss":1.9981229519844055,"val/bbox_mAP":0,"_wandb":{"runtime":215},"_runtime":155.92653954,"train/grad_norm":2.8531474113464355,"val/bbox_mAP_50":0.001,"_timestamp":1.7291492161266274e+09,"val/bbox_mAP_75":0,"_step":980,"val/bbox_mAP_s":0,"learning_rate":0.01,"momentum":0.9}