{"val/bbox_mAP_s":0,"val/bbox_mAP_50":0,"train/loss":1.776832115650177,"train/loss_cls":0.3265702819824219,"momentum":0.9,"_wandb":{"runtime":363},"learning_rate":0.009829799502313896,"_timestamp":1.7291485298841202e+09,"train/grad_norm":2.1891133999824524,"_runtime":353.862005459,"val/bbox_mAP_m":0,"val/bbox_mAP_l":0,"val/bbox_mAP_75":0,"val/bbox_mAP":0,"_step":1959,"train/loss_bbox":1.4502618318796159}