{"learning_rate":0.009330796891903272,"_runtime":444.821370334,"val/bbox_mAP_l":0,"train/grad_norm":2.0326840126514436,"val/bbox_mAP_50":0.002,"train/loss":1.774964759349823,"train/loss_cls":0.32124571084976195,"_wandb":{"runtime":449},"val/bbox_mAP":0,"_step":2308,"val/bbox_mAP_m":0,"momentum":0.9,"train/loss_bbox":1.4537190425395965,"val/bbox_mAP_s":0,"val/bbox_mAP_75":0,"_timestamp":1.729142809551554e+09}