{"mode": "train", "epoch": 1, "iter": 50, "lr": 0.00198, "memory": 4433, "data_time": 0.05418, "loss_rpn_cls": 0.36901, "loss_rpn_bbox": 0.05194, "loss_cls": 1.0904, "acc": 86.32227, "loss_bbox": 0.1214, "loss": 1.63275, "grad_norm": 9.37869, "time": 0.40046}
{"mode": "train", "epoch": 1, "iter": 100, "lr": 0.00398, "memory": 4433, "data_time": 0.00866, "loss_rpn_cls": 0.12952, "loss_rpn_bbox": 0.0435, "loss_cls": 0.33848, "acc": 94.17676, "loss_bbox": 0.21954, "loss": 0.73103, "grad_norm": 2.67031, "time": 0.32233}
{"mode": "train", "epoch": 1, "iter": 150, "lr": 0.00597, "memory": 4433, "data_time": 0.00892, "loss_rpn_cls": 0.12505, "loss_rpn_bbox": 0.05304, "loss_cls": 0.37183, "acc": 93.31836, "loss_bbox": 0.25615, "loss": 0.80608, "grad_norm": 3.23291, "time": 0.32081}
{"mode": "train", "epoch": 1, "iter": 200, "lr": 0.00797, "memory": 4433, "data_time": 0.00903, "loss_rpn_cls": 0.13063, "loss_rpn_bbox": 0.05916, "loss_cls": 0.37162, "acc": 93.09082, "loss_bbox": 0.25993, "loss": 0.82134, "grad_norm": 3.11094, "time": 0.31711}
{"mode": "train", "epoch": 1, "iter": 250, "lr": 0.00997, "memory": 4433, "data_time": 0.00916, "loss_rpn_cls": 0.09025, "loss_rpn_bbox": 0.04656, "loss_cls": 0.35115, "acc": 92.7002, "loss_bbox": 0.27642, "loss": 0.76439, "grad_norm": 2.74361, "time": 0.31809}
{"mode": "train", "epoch": 1, "iter": 300, "lr": 0.01197, "memory": 4433, "data_time": 0.00924, "loss_rpn_cls": 0.09991, "loss_rpn_bbox": 0.04627, "loss_cls": 0.3522, "acc": 93.13184, "loss_bbox": 0.25909, "loss": 0.75747, "grad_norm": 2.62597, "time": 0.31888}
{"mode": "train", "epoch": 1, "iter": 350, "lr": 0.01397, "memory": 4433, "data_time": 0.00912, "loss_rpn_cls": 0.09774, "loss_rpn_bbox": 0.05389, "loss_cls": 0.36794, "acc": 92.43848, "loss_bbox": 0.27611, "loss": 0.79569, "grad_norm": 2.60219, "time": 0.31931}
{"mode": "train", "epoch": 1, "iter": 400, "lr": 0.01596, "memory": 4433, "data_time": 0.00916, "loss_rpn_cls": 0.09616, "loss_rpn_bbox": 0.04694, "loss_cls": 0.34087, "acc": 93.2002, "loss_bbox": 0.24357, "loss": 0.72754, "grad_norm": 2.40761, "time": 0.32026}
{"mode": "train", "epoch": 1, "iter": 450, "lr": 0.01796, "memory": 4433, "data_time": 0.00924, "loss_rpn_cls": 0.07748, "loss_rpn_bbox": 0.0463, "loss_cls": 0.33168, "acc": 92.81738, "loss_bbox": 0.2477, "loss": 0.70316, "grad_norm": 2.31939, "time": 0.31946}
{"mode": "train", "epoch": 1, "iter": 500, "lr": 0.01996, "memory": 4433, "data_time": 0.00926, "loss_rpn_cls": 0.08154, "loss_rpn_bbox": 0.04274, "loss_cls": 0.33089, "acc": 93.31055, "loss_bbox": 0.22314, "loss": 0.6783, "grad_norm": 2.1473, "time": 0.31839}
{"mode": "train", "epoch": 1, "iter": 50, "lr": 0.00198, "memory": 4434, "data_time": 0.0545, "loss_rpn_cls": 0.42142, "loss_rpn_bbox": 0.05162, "loss_cls": 1.02009, "acc": 87.55664, "loss_bbox": 0.12489, "loss": 1.61803, "grad_norm": 9.77658, "time": 0.40201}
{"mode": "train", "epoch": 1, "iter": 100, "lr": 0.00398, "memory": 4434, "data_time": 0.00884, "loss_rpn_cls": 0.14459, "loss_rpn_bbox": 0.05131, "loss_cls": 0.37375, "acc": 93.84863, "loss_bbox": 0.22777, "loss": 0.79741, "grad_norm": 2.53113, "time": 0.32137}
{"mode": "train", "epoch": 1, "iter": 150, "lr": 0.00597, "memory": 4434, "data_time": 0.00912, "loss_rpn_cls": 0.12093, "loss_rpn_bbox": 0.04934, "loss_cls": 0.33904, "acc": 93.77637, "loss_bbox": 0.2379, "loss": 0.7472, "grad_norm": 2.9695, "time": 0.32137}
{"mode": "train", "epoch": 1, "iter": 200, "lr": 0.00797, "memory": 4434, "data_time": 0.0094, "loss_rpn_cls": 0.10535, "loss_rpn_bbox": 0.04694, "loss_cls": 0.36885, "acc": 93.00293, "loss_bbox": 0.27105, "loss": 0.79219, "grad_norm": 2.91434, "time": 0.32085}
{"mode": "train", "epoch": 1, "iter": 250, "lr": 0.00997, "memory": 4434, "data_time": 0.00961, "loss_rpn_cls": 0.08191, "loss_rpn_bbox": 0.04076, "loss_cls": 0.30438, "acc": 94.11621, "loss_bbox": 0.22466, "loss": 0.65172, "grad_norm": 2.43063, "time": 0.32115}
{"mode": "train", "epoch": 1, "iter": 300, "lr": 0.01197, "memory": 4434, "data_time": 0.00959, "loss_rpn_cls": 0.13302, "loss_rpn_bbox": 0.0636, "loss_cls": 0.3994, "acc": 92.04102, "loss_bbox": 0.2941, "loss": 0.89013, "grad_norm": 3.30832, "time": 0.31629}
{"mode": "train", "epoch": 1, "iter": 350, "lr": 0.01397, "memory": 4434, "data_time": 0.00972, "loss_rpn_cls": 0.08413, "loss_rpn_bbox": 0.04566, "loss_cls": 0.36122, "acc": 92.88184, "loss_bbox": 0.26326, "loss": 0.75427, "grad_norm": 2.4861, "time": 0.32037}
{"mode": "train", "epoch": 1, "iter": 400, "lr": 0.01596, "memory": 4434, "data_time": 0.00978, "loss_rpn_cls": 0.11587, "loss_rpn_bbox": 0.0624, "loss_cls": 0.34536, "acc": 92.90137, "loss_bbox": 0.25056, "loss": 0.77419, "grad_norm": 2.55031, "time": 0.32009}
{"mode": "train", "epoch": 1, "iter": 450, "lr": 0.01796, "memory": 4434, "data_time": 0.00957, "loss_rpn_cls": 0.0714, "loss_rpn_bbox": 0.0382, "loss_cls": 0.32888, "acc": 93.25098, "loss_bbox": 0.23017, "loss": 0.66864, "grad_norm": 2.19799, "time": 0.32198}
{"mode": "train", "epoch": 1, "iter": 500, "lr": 0.01996, "memory": 4434, "data_time": 0.00968, "loss_rpn_cls": 0.08758, "loss_rpn_bbox": 0.03928, "loss_cls": 0.32035, "acc": 93.14551, "loss_bbox": 0.23237, "loss": 0.67957, "grad_norm": 2.3366, "time": 0.32026}
