{"val/bbox_mAP_l":0,"val/bbox_mAP":0,"_wandb":{"runtime":263},"train/grad_norm":2.5188853764533996,"learning_rate":0.009829799502313896,"_timestamp":1.7291468937790523e+09,"train/loss_cls":0.34135567843914033,"val/bbox_mAP_75":0,"momentum":0.9,"train/loss":1.888326872587204,"_runtime":258.275020955,"val/bbox_mAP_50":0.001,"val/bbox_mAP_s":0,"train/loss_bbox":1.546971207857132,"val/bbox_mAP_m":0,"_step":1379}