{"val/bbox_mAP_50":0,"val/bbox_mAP_s":0,"val/bbox_mAP_75":0,"learning_rate":0.009330796891903272,"val/bbox_mAP":0,"_runtime":389.339882839,"val/bbox_mAP_m":0,"train/loss_cls":0.3168835711479187,"momentum":0.9,"_step":2708,"train/grad_norm":1.2439627683162688,"train/loss":1.6266846907138826,"val/bbox_mAP_l":0,"_wandb":{"runtime":391},"train/loss_bbox":1.3098011219501495,"_timestamp":1.7290782317764592e+09}