{"val/bbox_mAP":0,"learning_rate":0.009829799502313896,"_runtime":265.135242501,"train/loss":1.9229360699653626,"_step":1529,"train/loss_bbox":1.5801128542423248,"momentum":0.9,"val/bbox_mAP_m":0,"val/bbox_mAP_s":0,"train/grad_norm":2.4495753622055054,"val/bbox_mAP_50":0.001,"train/loss_cls":0.34282321453094483,"val/bbox_mAP_75":0,"_wandb":{"runtime":265},"val/bbox_mAP_l":0,"_timestamp":1.7291511065460804e+09}