{"train/loss_bbox":1.5996551167964936,"train/loss_cls":0.3429223418235779,"train/loss":1.942577452659607,"momentum":0.9,"val/bbox_mAP_m":0,"train/grad_norm":2.7994009494781493,"val/bbox_mAP_s":0,"_step":1229,"val/bbox_mAP_75":0,"val/bbox_mAP":0,"_wandb":{"runtime":232},"_runtime":231.017947467,"_timestamp":1.7291518458356822e+09,"learning_rate":0.009829799502313896,"val/bbox_mAP_50":0.001,"val/bbox_mAP_l":0}