{"_wandb":{"runtime":219},"_timestamp":1.7291617153794122e+09,"val/bbox_mAP":0,"_step":1079,"val/bbox_mAP_m":0,"train/loss_cls":0.33055744886398314,"val/bbox_mAP_l":0,"learning_rate":0.009829799502313896,"val/bbox_mAP_s":0,"val/bbox_mAP_50":0.002,"train/loss_bbox":1.6239847648143768,"momentum":0.9,"train/grad_norm":2.7221336483955385,"_runtime":216.565481389,"val/bbox_mAP_75":0,"train/loss":1.954542212486267}