{"val/bbox_mAP_m":0,"val/bbox_mAP_s":0,"learning_rate":0.01,"train/loss":1.9721380281448364,"train/grad_norm":2.8105234241485597,"val/bbox_mAP_50":0.001,"train/loss_cls":0.3548396587371826,"val/bbox_mAP_l":0,"train/loss_bbox":1.6172983717918397,"_timestamp":1.7290793897105615e+09,"_runtime":158.174332161,"val/bbox_mAP":0,"momentum":0.9,"_wandb":{"runtime":158},"_step":980,"val/bbox_mAP_75":0}