{"train/grad_norm":2.008561738729477,"val/bbox_mAP_50":0,"val/bbox_mAP_m":0,"train/loss_cls":0.3330000939965248,"val/bbox_mAP_75":0,"_step":1929,"momentum":0.9,"val/bbox_mAP":0,"_wandb":{"runtime":331},"_runtime":314.921009404,"train/loss_bbox":1.5568673902750014,"learning_rate":0.009829799502313896,"_timestamp":1.7291490235085034e+09,"val/bbox_mAP_l":0,"val/bbox_mAP_s":0,"train/loss":1.8898674905300141}