{"_wandb":{"runtime":201},"_runtime":156.407806551,"val/bbox_mAP_m":0,"val/bbox_mAP_75":0,"_step":980,"val/bbox_mAP_s":0,"_timestamp":1.7291441818664653e+09,"train/loss_bbox":1.5671313273906708,"train/loss":1.9033428752422332,"train/grad_norm":2.798498258590698,"val/bbox_mAP_l":0,"learning_rate":0.01,"val/bbox_mAP_50":0,"momentum":0.9,"val/bbox_mAP":0,"train/loss_cls":0.33621154725551605}