{"_step":2158,"val/bbox_mAP":0,"train/grad_norm":1.9887898302078246,"val/bbox_mAP_50":0.001,"val/bbox_mAP_m":0,"val/bbox_mAP_l":0,"val/bbox_mAP_s":0,"train/loss_bbox":1.4581747126579285,"train/loss_cls":0.3133870804309845,"_timestamp":1.7291422579436128e+09,"_wandb":{"runtime":435},"val/bbox_mAP_75":0,"momentum":0.9,"train/loss":1.7715617907047272,"_runtime":433.027229348,"learning_rate":0.009330796891903272}