{"train/loss":1.9747753381729125,"_timestamp":1.72908141808964e+09,"val/bbox_mAP_50":0,"train/grad_norm":2.9394503927230833,"train/loss_cls":0.34987230837345124,"_runtime":158.300799101,"learning_rate":0.01,"train/loss_bbox":1.624903026819229,"_step":980,"val/bbox_mAP_75":0,"val/bbox_mAP_l":0,"val/bbox_mAP_s":0,"momentum":0.9,"val/bbox_mAP_m":0,"_wandb":{"runtime":158},"val/bbox_mAP":0}