{"val/bbox_mAP_s":0,"_timestamp":1.7292167224065628e+09,"train/grad_norm":2.5504243421554564,"val/bbox_mAP_l":0,"_step":1229,"_runtime":184.389918836,"val/bbox_mAP":0,"val/bbox_mAP_m":0,"train/loss_bbox":1.4679188418388367,"train/loss_cls":0.33246650755405427,"learning_rate":0.009829799502313896,"val/bbox_mAP_50":0,"val/bbox_mAP_75":0,"momentum":0.9,"_wandb":{"runtime":189},"train/loss":1.8003853464126587}