{"_timestamp":1.7290677761474383e+09,"train/grad_norm":123.0740010201931,"train/loss_cls":2.2241926944255828,"train/loss":2.8677913546562195,"momentum":0.9,"train/loss_bbox":0.6435986506938934,"_runtime":204.370284769,"learning_rate":0.01,"_wandb":{"runtime":207},"_step":600}