{"train/loss_cls":0.3473887705802918,"val/bbox_mAP_50":0.004,"val/bbox_mAP_l":0.001,"train/loss":1.8813939428329467,"val/bbox_mAP_m":0,"train/grad_norm":2.3878703963756562,"_step":980,"_runtime":159.364843472,"momentum":0.9,"val/bbox_mAP":0.001,"_wandb":{"runtime":159},"_timestamp":1.7290791375786717e+09,"learning_rate":0.01,"train/loss_bbox":1.5340051686763763,"val/bbox_mAP_s":0,"val/bbox_mAP_75":0}