{"mode": "train", "epoch": 1, "iter": 50, "lr": 0.00198, "memory": 7324, "data_time": 0.05385, "loss_rpn_cls": 0.43744, "loss_rpn_bbox": 0.03257, "s0.loss_cls": 0.6021, "s0.acc": 88.08984, "s0.loss_bbox": 0.10065, "s1.loss_cls": 0.2726, "s1.acc": 86.93848, "s1.loss_bbox": 0.02717, "s2.loss_cls": 0.12132, "s2.acc": 87.1377, "s2.loss_bbox": 0.00366, "loss": 1.59751, "grad_norm": 9.47654, "time": 0.65228}
{"mode": "train", "epoch": 1, "iter": 100, "lr": 0.00398, "memory": 7324, "data_time": 0.008, "loss_rpn_cls": 0.16334, "loss_rpn_bbox": 0.03712, "s0.loss_cls": 0.41922, "s0.acc": 91.70801, "s0.loss_bbox": 0.20247, "s1.loss_cls": 0.11185, "s1.acc": 96.47168, "s1.loss_bbox": 0.05829, "s2.loss_cls": 0.0318, "s2.acc": 98.31543, "s2.loss_bbox": 0.00786, "loss": 1.03194, "grad_norm": 4.88071, "time": 0.57223}
{"mode": "train", "epoch": 1, "iter": 150, "lr": 0.00597, "memory": 7324, "data_time": 0.00813, "loss_rpn_cls": 0.13506, "loss_rpn_bbox": 0.03298, "s0.loss_cls": 0.41354, "s0.acc": 92.08203, "s0.loss_bbox": 0.19104, "s1.loss_cls": 0.11294, "s1.acc": 96.39453, "s1.loss_bbox": 0.06199, "s2.loss_cls": 0.0311, "s2.acc": 98.33496, "s2.loss_bbox": 0.00913, "loss": 0.98778, "grad_norm": 4.65639, "time": 0.57259}
{"mode": "train", "epoch": 1, "iter": 200, "lr": 0.00797, "memory": 7324, "data_time": 0.0083, "loss_rpn_cls": 0.11719, "loss_rpn_bbox": 0.03498, "s0.loss_cls": 0.43429, "s0.acc": 90.59766, "s0.loss_bbox": 0.21446, "s1.loss_cls": 0.14328, "s1.acc": 94.49023, "s1.loss_bbox": 0.09946, "s2.loss_cls": 0.04074, "s2.acc": 97.43164, "s2.loss_bbox": 0.01879, "loss": 1.10318, "grad_norm": 4.04586, "time": 0.57309}
{"mode": "train", "epoch": 1, "iter": 250, "lr": 0.00997, "memory": 7324, "data_time": 0.00839, "loss_rpn_cls": 0.0953, "loss_rpn_bbox": 0.03378, "s0.loss_cls": 0.40661, "s0.acc": 91.17578, "s0.loss_bbox": 0.1829, "s1.loss_cls": 0.14646, "s1.acc": 94.02246, "s1.loss_bbox": 0.10321, "s2.loss_cls": 0.0448, "s2.acc": 96.91309, "s2.loss_bbox": 0.02473, "loss": 1.03779, "grad_norm": 3.78658, "time": 0.57036}
{"mode": "train", "epoch": 1, "iter": 300, "lr": 0.01197, "memory": 7324, "data_time": 0.00816, "loss_rpn_cls": 0.10938, "loss_rpn_bbox": 0.03682, "s0.loss_cls": 0.41712, "s0.acc": 90.83691, "s0.loss_bbox": 0.18855, "s1.loss_cls": 0.15682, "s1.acc": 93.22168, "s1.loss_bbox": 0.11506, "s2.loss_cls": 0.05114, "s2.acc": 96.08691, "s2.loss_bbox": 0.03329, "loss": 1.10819, "grad_norm": 3.80253, "time": 0.58023}
{"mode": "train", "epoch": 1, "iter": 350, "lr": 0.01397, "memory": 7324, "data_time": 0.00827, "loss_rpn_cls": 0.09719, "loss_rpn_bbox": 0.03533, "s0.loss_cls": 0.43629, "s0.acc": 90.6084, "s0.loss_bbox": 0.18966, "s1.loss_cls": 0.16683, "s1.acc": 93.06476, "s1.loss_bbox": 0.11066, "s2.loss_cls": 0.05591, "s2.acc": 95.80624, "s2.loss_bbox": 0.03394, "loss": 1.1258, "grad_norm": 4.69379, "time": 0.57616}
