{"val/bbox_mAP_s":0,"train/loss":1.8255695605278015,"val/bbox_mAP_50":0.002,"momentum":0.9,"val/bbox_mAP_l":0,"val/bbox_mAP_75":0,"val/bbox_mAP_m":0,"train/loss_cls":0.33627111196517945,"_wandb":{"runtime":234},"_timestamp":1.729159265503652e+09,"train/loss_bbox":1.4892984449863433,"learning_rate":0.009829799502313896,"_runtime":233.303542603,"_step":1079,"train/grad_norm":2.8818979239463807,"val/bbox_mAP":0}