{"train/loss_bbox":1.6424458503723145,"val/bbox_mAP_s":0,"_runtime":254.986325974,"val/bbox_mAP_75":0,"learning_rate":0.009829799502313896,"val/bbox_mAP_50":0,"val/bbox_mAP_l":0,"train/loss":1.9756873655319214,"_timestamp":1.7291513843155494e+09,"_step":1479,"val/bbox_mAP_m":0,"train/grad_norm":2.3503295826911925,"momentum":0.9,"train/loss_cls":0.33324152290821074,"_wandb":{"runtime":255},"val/bbox_mAP":0}