{"_wandb":{"runtime":224},"val/bbox_mAP_m":0,"_runtime":223.106413625,"train/loss_bbox":1.5396923089027406,"val/bbox_mAP_s":0,"train/loss_cls":0.34359514236450195,"learning_rate":0.009829799502313896,"val/bbox_mAP_50":0,"val/bbox_mAP":0,"train/loss":1.8832874488830567,"_step":1129,"_timestamp":1.7291635070867336e+09,"momentum":0.9,"val/bbox_mAP_l":0,"train/grad_norm":2.5746562266349793,"val/bbox_mAP_75":0}