{"_wandb":{"runtime":161},"momentum":0.9,"train/loss_bbox":1.7227862226963042,"val/bbox_mAP":0,"_timestamp":1.729160063058396e+09,"_step":980,"val/bbox_mAP_s":0,"_runtime":158.233332599,"learning_rate":0.01,"val/bbox_mAP_l":0.001,"train/grad_norm":2.7492124962806703,"val/bbox_mAP_50":0,"val/bbox_mAP_m":0,"train/loss":2.0568303692340852,"val/bbox_mAP_75":0,"train/loss_cls":0.3340441527962685}