{"train/loss_bbox":1.4604345452785492,"_timestamp":1.7291504855351586e+09,"val/bbox_mAP_s":0,"learning_rate":0.009829799502313896,"_wandb":{"runtime":400},"val/bbox_mAP_50":0,"_step":1959,"val/bbox_mAP_75":0,"train/grad_norm":2.3137059688568113,"_runtime":366.510479166,"train/loss_cls":0.32759311705827715,"val/bbox_mAP":0,"momentum":0.9,"val/bbox_mAP_l":0,"train/loss":1.7880276679992675,"val/bbox_mAP_m":0}