{"mode": "train", "epoch": 1, "iter": 50, "lr": 0.00099, "memory": 1130, "data_time": 0.04698, "loss_cls": 1.12817, "loss_bbox": 7.28607, "loss": 8.41424, "grad_norm": 0.98162, "time": 0.18314}
{"mode": "train", "epoch": 1, "iter": 100, "lr": 0.00199, "memory": 1130, "data_time": 0.00436, "loss_cls": 1.12457, "loss_bbox": 5.199, "loss": 6.32357, "grad_norm": 57.06127, "time": 0.10388}
{"mode": "train", "epoch": 1, "iter": 150, "lr": 0.00299, "memory": 1130, "data_time": 0.00411, "loss_cls": 1.11961, "loss_bbox": 2.75669, "loss": 3.8763, "grad_norm": 28.7884, "time": 0.10339}
{"mode": "train", "epoch": 1, "iter": 200, "lr": 0.00399, "memory": 1130, "data_time": 0.00429, "loss_cls": 1.1099, "loss_bbox": 2.13586, "loss": 3.24576, "grad_norm": 13.37548, "time": 0.10364}
{"mode": "train", "epoch": 1, "iter": 250, "lr": 0.00499, "memory": 1130, "data_time": 0.00455, "loss_cls": 0.95243, "loss_bbox": 1.6337, "loss": 2.58613, "grad_norm": 6.44793, "time": 0.10471}
{"mode": "train", "epoch": 1, "iter": 300, "lr": 0.00598, "memory": 1130, "data_time": 0.0044, "loss_cls": 0.51482, "loss_bbox": 1.88823, "loss": 2.40306, "grad_norm": 5.94168, "time": 0.10216}
{"mode": "train", "epoch": 1, "iter": 350, "lr": 0.00698, "memory": 1130, "data_time": 0.00442, "loss_cls": 0.56675, "loss_bbox": 1.64519, "loss": 2.21195, "grad_norm": 5.4241, "time": 0.10372}
{"mode": "train", "epoch": 1, "iter": 400, "lr": 0.00798, "memory": 1130, "data_time": 0.00444, "loss_cls": 0.95397, "loss_bbox": 1.53363, "loss": 2.48759, "grad_norm": 5.09477, "time": 0.10479}
{"mode": "train", "epoch": 1, "iter": 450, "lr": 0.00898, "memory": 1130, "data_time": 0.00414, "loss_cls": 1.02693, "loss_bbox": 1.53862, "loss": 2.56556, "grad_norm": 3.53945, "time": 0.10215}
{"mode": "train", "epoch": 1, "iter": 500, "lr": 0.00998, "memory": 1130, "data_time": 0.00435, "loss_cls": 0.86004, "loss_bbox": 1.40523, "loss": 2.26527, "grad_norm": 3.54053, "time": 0.10243}
{"mode": "train", "epoch": 1, "iter": 550, "lr": 0.01, "memory": 1130, "data_time": 0.00416, "loss_cls": 0.43295, "loss_bbox": 1.49823, "loss": 1.93119, "grad_norm": 3.65907, "time": 0.10304}
{"mode": "train", "epoch": 1, "iter": 600, "lr": 0.01, "memory": 1130, "data_time": 0.00459, "loss_cls": 0.36441, "loss_bbox": 1.6258, "loss": 1.99021, "grad_norm": 3.34329, "time": 0.10345}
{"mode": "train", "epoch": 1, "iter": 650, "lr": 0.01, "memory": 1130, "data_time": 0.0044, "loss_cls": 0.35496, "loss_bbox": 1.55809, "loss": 1.91306, "grad_norm": 3.1234, "time": 0.10373}
{"mode": "train", "epoch": 1, "iter": 700, "lr": 0.01, "memory": 1130, "data_time": 0.0041, "loss_cls": 0.35514, "loss_bbox": 1.56585, "loss": 1.92099, "grad_norm": 3.12107, "time": 0.10385}
{"mode": "train", "epoch": 1, "iter": 750, "lr": 0.01, "memory": 1130, "data_time": 0.00396, "loss_cls": 0.35028, "loss_bbox": 1.79472, "loss": 2.145, "grad_norm": 3.24704, "time": 0.10242}
{"mode": "train", "epoch": 1, "iter": 800, "lr": 0.01, "memory": 1130, "data_time": 0.00419, "loss_cls": 0.34736, "loss_bbox": 1.47014, "loss": 1.8175, "grad_norm": 3.06627, "time": 0.1025}
{"mode": "train", "epoch": 1, "iter": 850, "lr": 0.01, "memory": 1130, "data_time": 0.00417, "loss_cls": 0.34938, "loss_bbox": 1.49427, "loss": 1.84365, "grad_norm": 2.91851, "time": 0.10279}
{"mode": "train", "epoch": 1, "iter": 900, "lr": 0.01, "memory": 1130, "data_time": 0.00433, "loss_cls": 0.33332, "loss_bbox": 1.40116, "loss": 1.73448, "grad_norm": 2.71576, "time": 0.10328}
{"mode": "train", "epoch": 1, "iter": 950, "lr": 0.01, "memory": 1130, "data_time": 0.00439, "loss_cls": 0.33295, "loss_bbox": 1.4039, "loss": 1.73685, "grad_norm": 2.9669, "time": 0.10424}
{"mode": "val", "epoch": 1, "iter": 969, "lr": 0.01, "bbox_mAP": 0.0, "bbox_mAP_50": 0.0, "bbox_mAP_75": 0.0, "bbox_mAP_s": 0.0, "bbox_mAP_m": 0.0, "bbox_mAP_l": 0.0, "bbox_mAP_copypaste": "0.000 0.000 0.000 0.000 0.000 0.000"}
{"mode": "train", "epoch": 2, "iter": 50, "lr": 0.00983, "memory": 1130, "data_time": 0.04737, "loss_cls": 0.34888, "loss_bbox": 1.63688, "loss": 1.98576, "grad_norm": 2.84968, "time": 0.14871}
{"mode": "train", "epoch": 2, "iter": 100, "lr": 0.00983, "memory": 1130, "data_time": 0.00439, "loss_cls": 0.34021, "loss_bbox": 1.55581, "loss": 1.89602, "grad_norm": 2.63922, "time": 0.1052}
{"mode": "train", "epoch": 2, "iter": 150, "lr": 0.00983, "memory": 1130, "data_time": 0.0046, "loss_cls": 0.36083, "loss_bbox": 1.60297, "loss": 1.96379, "grad_norm": 3.05961, "time": 0.10547}
{"mode": "train", "epoch": 2, "iter": 200, "lr": 0.00983, "memory": 1130, "data_time": 0.00432, "loss_cls": 0.34187, "loss_bbox": 1.61542, "loss": 1.95729, "grad_norm": 2.66832, "time": 0.10199}
{"mode": "train", "epoch": 2, "iter": 250, "lr": 0.00983, "memory": 1130, "data_time": 0.00451, "loss_cls": 0.33247, "loss_bbox": 1.46792, "loss": 1.80039, "grad_norm": 2.55042, "time": 0.10445}
{"mode": "train", "epoch": 1, "iter": 50, "lr": 0.00099, "memory": 1130, "data_time": 0.04718, "loss_cls": 1.12816, "loss_bbox": 7.29647, "loss": 8.42463, "grad_norm": 0.95807, "time": 0.18236}
{"mode": "train", "epoch": 1, "iter": 100, "lr": 0.00199, "memory": 1130, "data_time": 0.00452, "loss_cls": 1.12438, "loss_bbox": 4.9433, "loss": 6.06768, "grad_norm": 44.84716, "time": 0.1051}
{"mode": "train", "epoch": 1, "iter": 150, "lr": 0.00299, "memory": 1130, "data_time": 0.00401, "loss_cls": 1.11691, "loss_bbox": 3.34478, "loss": 4.4617, "grad_norm": 31.01441, "time": 0.10507}
{"mode": "train", "epoch": 1, "iter": 200, "lr": 0.00399, "memory": 1130, "data_time": 0.0041, "loss_cls": 1.09994, "loss_bbox": 2.13643, "loss": 3.23637, "grad_norm": 15.20037, "time": 0.10407}
{"mode": "train", "epoch": 1, "iter": 250, "lr": 0.00499, "memory": 1130, "data_time": 0.00429, "loss_cls": 0.73458, "loss_bbox": 1.73659, "loss": 2.47117, "grad_norm": 7.76846, "time": 0.10363}
{"mode": "train", "epoch": 1, "iter": 300, "lr": 0.00598, "memory": 1130, "data_time": 0.00456, "loss_cls": 0.50202, "loss_bbox": 1.62863, "loss": 2.13064, "grad_norm": 5.7166, "time": 0.10461}
{"mode": "train", "epoch": 1, "iter": 350, "lr": 0.00698, "memory": 1130, "data_time": 0.00432, "loss_cls": 0.53079, "loss_bbox": 1.52264, "loss": 2.05342, "grad_norm": 5.34911, "time": 0.10342}
{"mode": "train", "epoch": 1, "iter": 400, "lr": 0.00798, "memory": 1130, "data_time": 0.00433, "loss_cls": 0.99054, "loss_bbox": 1.53746, "loss": 2.52799, "grad_norm": 4.53314, "time": 0.10471}
{"mode": "train", "epoch": 1, "iter": 450, "lr": 0.00898, "memory": 1130, "data_time": 0.00462, "loss_cls": 0.93275, "loss_bbox": 1.58052, "loss": 2.51327, "grad_norm": 4.00654, "time": 0.10441}
{"mode": "train", "epoch": 1, "iter": 500, "lr": 0.00998, "memory": 1130, "data_time": 0.00408, "loss_cls": 0.69457, "loss_bbox": 1.61041, "loss": 2.30498, "grad_norm": 3.38176, "time": 0.10399}
