{"_step":980,"val/bbox_mAP":0.001,"val/bbox_mAP_75":0,"train/loss_cls":0.33610283970832827,"_runtime":162.133671771,"val/bbox_mAP_s":0,"val/bbox_mAP_l":0.001,"momentum":0.9,"_wandb":{"runtime":162},"train/grad_norm":2.763584086894989,"train/loss":1.8589655041694642,"_timestamp":1.7290800095428572e+09,"train/loss_bbox":1.5228626585006715,"val/bbox_mAP_m":0,"val/bbox_mAP_50":0.003,"learning_rate":0.01}